{
	"Params": {
		"SaveTables": true,
		"PrintStatus": false,
		"DocSentTimeoutInSec": 5,
		"RestoreCashRegister": true
	},
	"actions": [
		{
			"action": 1,
			"file": "sm_ldr_155.bin",
			"bootver": 0,
			"newbootver": 155,
			"info": "Запись загрузчика 155"
		},
		{
			"action": 1,
			"file": "tb_ldr_1939.bin",
			"bootver": 155,
			"newbootver": 1939,
			"info": "Запись загрузчика 1939",
			"force": true
		},
		{
			"action": 2,
			"file": "tb_app_7196.bin",
			"savesetting": true,
			"bootver": 1939,
			"info": "Запись ПО ККТ T.3 7196",
			"fwver": "T.3",
			"fwbuild": 7196,
			"fwdate": "2025-12-17",
			"force": true
		}
	]
}