{
  "RULES": [
    {
      "level": 1,
      "file": "upd_ldr_155.bin",
      "savesetting": false,
      "bootloader": 0,
      "blver": 155,
	  "info": "Будет произведен переход на ПО ККТ \"Торговый баланс М\". \nНажмите кнопку Обновить для продолжения!"
    },
    {
      "level": 1,
      "file": "tb_ldr_1939.bin",
      "savesetting": false,
      "bootloader": 155,
      "blver": 1939,
	  "info": "Будет произведен переход на ПО ККТ \"Торговый баланс М\". \nНажмите кнопку Обновить для продолжения!"
    },
    {
      "level": 2,
      "file": "tb_app_6762_12.bin",
      "savesetting": true,
      "bootloader": 1939,
	  "info": "Будет произведено обновление ПО ККТ. \nНажмите кнопку Обновить для продолжения!",
      "fwver": "T.3",
      "fwbuild": 6762,
      "fwdate": "2025-09-01",
	  "updatetables":[
    {
      "table": 23,
      "row": 1,
      "field": 1,
      "type": 0,
      "value": 1
    },
    {
      "table": 23,
      "row": 1,
      "field": 5,
      "type": 0,
      "value": 1
    },
	    {
      "table": 8,
      "row": 1,
      "field": 1,
      "type": 0,
      "value": 5
    },
	    {
      "table": 8,
      "row": 1,
      "field": 2,
      "type": 0,
      "value": 5
    },    {
      "table": 8,
      "row": 1,
      "field": 3,
      "type": 0,
      "value": 5
    },
	    {
      "table": 8,
      "row": 1,
      "field": 4,
      "type": 0,
      "value": 5
    },
	    {
      "table": 8,
      "row": 1,
      "field": 5,
      "type": 0,
      "value": 5
    },
	    {
      "table": 8,
      "row": 1,
      "field": 6,
      "type": 0,
      "value": 5
    },
	    {
      "table": 8,
      "row": 1,
      "field": 7,
      "type": 0,
      "value": 5
    },
	    {
      "table": 8,
      "row": 1,
      "field": 8,
      "type": 0,
      "value": 5
    },
	    {
      "table": 8,
      "row": 1,
      "field": 9,
      "type": 0,
      "value": 5
    },
	    {
      "table": 8,
      "row": 1,
      "field": 10,
      "type": 0,
      "value": 5
    },
	    {
      "table": 8,
      "row": 1,
      "field": 11,
      "type": 0,
      "value": 5
    },
	    {
      "table": 8,
      "row": 1,
      "field": 12,
      "type": 0,
      "value": 5
    },
	    {
      "table": 8,
      "row": 1,
      "field": 13,
      "type": 0,
      "value": 5
    },
	    {
      "table": 8,
      "row": 1,
      "field": 14,
      "type": 0,
      "value": 5
    },
	    {
      "table": 8,
      "row": 1,
      "field": 15,
      "type": 0,
      "value": 5
    },
	    {
      "table": 8,
      "row": 1,
      "field": 16,
      "type": 0,
      "value": 5
    },
	    {
      "table": 8,
      "row": 1,
      "field": 17,
      "type": 0,
      "value": 5
    },
	    {
      "table": 8,
      "row": 1,
      "field": 18,
      "type": 0,
      "value": 4
    },
	    {
      "table": 8,
      "row": 1,
      "field": 19,
      "type": 0,
      "value": 5
    },
	    {
      "table": 8,
      "row": 1,
      "field": 20,
      "type": 0,
      "value": 5
    },
	    {
      "table": 8,
      "row": 1,
      "field": 21,
      "type": 0,
      "value": 5
    },
	    {
      "table": 8,
      "row": 1,
      "field": 22,
      "type": 0,
      "value": 5
    },
	    {
      "table": 8,
      "row": 1,
      "field": 23,
      "type": 0,
      "value": 5
    },
	    {
      "table": 8,
      "row": 1,
      "field": 24,
      "type": 0,
      "value": 5
    },
	    {
      "table": 17,
      "row": 1,
      "field": 18,
      "type": 0,
      "value": 6
    },
	    {
      "table": 17,
      "row": 1,
      "field": 56,
      "type": 0,
      "value": 6
    }
	
	]
   } 
 ]
}
