{
	"Params": {
		"SaveTables": true,
		"PrintStatus": false,
		"DocSentTimeoutInSec": 5,
		"RestoreCashRegister": true
	},
	"actions": [
		{
			"action": 1,
			"file": "sm_ldr_155.bin",
			"bootloader": 0,
			"newbootver": 155,
			"info": "Запись загрузчика 155"
		},
		{
			"action": 1,
			"file": "tb_ldr_1939.bin",
			"bootver": 155,
			"newbootver": 1939,
			"info": "Запись загрузчика 1939",
			"force": true
		},
		{
			"action": 2,
			"file": "tb_app_7098.bin",
			"savesetting": true,
			"bootver": 1939,
			"info": "Запись ПО ККТ T.3 7098",
			"fwver": "T.3",
			"fwbuild": 7098,
			"fwdate": "2025-11-20",
			"force": true
		},
		{
			"action": 7,
			"info": "Перефискализация ФН на ФФД 1.2",
			"TaxType": 1,
			"WorkMode": 0,
			"WorkModeEx": 16,
			"RegReasonCode": 4,
			"RegReasonCodeEx": 64,
			"FfdVersion": 4
		},
		{
			"action": 6,
			"info": "Запись дополнительных таблиц",
			"tables": [
				{
					"table": 8,
					"row": 1,
					"field": 1,
					"type": 0,
					"value": 5
				},
				{
					"table": 8,
					"row": 1,
					"field": 2,
					"type": 0,
					"value": 5
				},
				{
					"table": 8,
					"row": 1,
					"field": 3,
					"type": 0,
					"value": 5
				},
				{
					"table": 8,
					"row": 1,
					"field": 4,
					"type": 0,
					"value": 5
				},
				{
					"table": 8,
					"row": 1,
					"field": 5,
					"type": 0,
					"value": 5
				},
				{
					"table": 8,
					"row": 1,
					"field": 6,
					"type": 0,
					"value": 5
				},
				{
					"table": 8,
					"row": 1,
					"field": 7,
					"type": 0,
					"value": 5
				},
				{
					"table": 8,
					"row": 1,
					"field": 8,
					"type": 0,
					"value": 5
				},
				{
					"table": 8,
					"row": 1,
					"field": 9,
					"type": 0,
					"value": 5
				},
				{
					"table": 8,
					"row": 1,
					"field": 10,
					"type": 0,
					"value": 5
				},
				{
					"table": 8,
					"row": 1,
					"field": 11,
					"type": 0,
					"value": 5
				},
				{
					"table": 8,
					"row": 1,
					"field": 12,
					"type": 0,
					"value": 5
				},
				{
					"table": 8,
					"row": 1,
					"field": 13,
					"type": 0,
					"value": 5
				},
				{
					"table": 8,
					"row": 1,
					"field": 14,
					"type": 0,
					"value": 5
				},
				{
					"table": 8,
					"row": 1,
					"field": 15,
					"type": 0,
					"value": 5
				},
				{
					"table": 8,
					"row": 1,
					"field": 16,
					"type": 0,
					"value": 5
				},
				{
					"table": 8,
					"row": 1,
					"field": 17,
					"type": 0,
					"value": 5
				},
				{
					"table": 8,
					"row": 1,
					"field": 18,
					"type": 0,
					"value": 4
				},
				{
					"table": 8,
					"row": 1,
					"field": 19,
					"type": 0,
					"value": 5
				},
				{
					"table": 8,
					"row": 1,
					"field": 20,
					"type": 0,
					"value": 5
				},
				{
					"table": 8,
					"row": 1,
					"field": 21,
					"type": 0,
					"value": 5
				},
				{
					"table": 8,
					"row": 1,
					"field": 22,
					"type": 0,
					"value": 5
				},
				{
					"table": 8,
					"row": 1,
					"field": 23,
					"type": 0,
					"value": 5
				},
				{
					"table": 8,
					"row": 1,
					"field": 24,
					"type": 0,
					"value": 5
				},
				{
					"table": 17,
					"row": 1,
					"field": 18,
					"type": 0,
					"value": 6
				},
				{
					"table": 17,
					"row": 1,
					"field": 56,
					"type": 0,
					"value": 6
				},
				{
					"table": 18,
					"row": 1,
					"field": 21,
					"type": 0,
					"value": 16
				},
				{
					"table": 18,
					"row": 1,
					"field": 22,
					"type": 0,
					"value": 64
				},
				{
					"table": 19,
					"row": 1,
					"field": 5,
					"type": 1,
					"value": "192.168.144.138"
				},
				{
					"table": 19,
					"row": 1,
					"field": 6,
					"type": 0,
					"value": 8789
				},
				{
					"table": 23,
					"row": 1,
					"field": 1,
					"type": 0,
					"value": 1
				},
				{
					"table": 23,
					"row": 1,
					"field": 5,
					"type": 0,
					"value": 1
				}
			]
		},
		{
			"action": 3,
			"info": "Запись лицензии",
			"file": "Licenses.slf"
		}
	]
}