{
	"Params": {
		"SaveTables": true,
		"PrintStatus": false,
		"FFDNeedUpdate": 0,
		"DocSentTimeoutInSec": 5,
		"RestoreCashRegister": false,
		"TaxType": 1,
		"WorkMode": 0,
		"WorkModeEx": 0
	},
	"RULES": [
		{
			"level": 1,
			"file": "sm_ldr_155.bin",
			"savesetting": false,
			"bootloader": 0,
			"blver": 155,
			"info": "Обновление загрузчика до 155",
			"force": true
		},
		{
			"level": 1,
			"file": "tb_ldr_1939_test.bin",
			"savesetting": false,
			"bootloader": 155,
			"blver": 1939,
			"info": "Обновление загрузчика до 1939"
		},
		{
			"level": 1,
			"file": "tb_ldr_3000_test.bin",
			"savesetting": false,
			"bootloader": 1939,
			"blver": 3000,
			"info": "Обновление загрузчика до 3000"
		},
		{
			"level": 1,
			"file": "sm_ldr_153.bin",
			"savesetting": false,
			"bootloader": 3000,
			"blver": 153,
			"info": "Обновление загрузчика до 153",
			"force": true
		},
		{
			"level": 2,
			"file": "sm_app_62922_c1.bin",
			"savesetting": true,
			"bootloader": 153,
			"info": "Обновление программы до версии C.1 62922",
			"fwver": "C.1",
			"fwbuild": 62922,
			"fwdate": "2025-01-10",
			"force": true
		},
		{
			"level": 4,
			"info": "Инициализация архива ФН"
		},
		{
			"level": 5,
			"info": "Фискализация ФН",
			"inn": "9706048530"
		},
		{
			"level": 6,
			"tables": [
				{
					"table": 8,
					"row": 1,
					"field": 1,
					"type": 0,
					"value": 5
				},
				{
					"table": 8,
					"row": 1,
					"field": 2,
					"type": 0,
					"value": 5
				},
				{
					"table": 8,
					"row": 1,
					"field": 3,
					"type": 0,
					"value": 5
				},
				{
					"table": 8,
					"row": 1,
					"field": 4,
					"type": 0,
					"value": 5
				},
				{
					"table": 8,
					"row": 1,
					"field": 5,
					"type": 0,
					"value": 5
				},
				{
					"table": 8,
					"row": 1,
					"field": 6,
					"type": 0,
					"value": 5
				},
				{
					"table": 8,
					"row": 1,
					"field": 7,
					"type": 0,
					"value": 5
				},
				{
					"table": 8,
					"row": 1,
					"field": 8,
					"type": 0,
					"value": 5
				},
				{
					"table": 8,
					"row": 1,
					"field": 9,
					"type": 0,
					"value": 5
				},
				{
					"table": 8,
					"row": 1,
					"field": 10,
					"type": 0,
					"value": 5
				},
				{
					"table": 8,
					"row": 1,
					"field": 11,
					"type": 0,
					"value": 5
				},
				{
					"table": 8,
					"row": 1,
					"field": 12,
					"type": 0,
					"value": 5
				},
				{
					"table": 8,
					"row": 1,
					"field": 13,
					"type": 0,
					"value": 5
				},
				{
					"table": 8,
					"row": 1,
					"field": 14,
					"type": 0,
					"value": 5
				},
				{
					"table": 8,
					"row": 1,
					"field": 15,
					"type": 0,
					"value": 5
				},
				{
					"table": 8,
					"row": 1,
					"field": 16,
					"type": 0,
					"value": 5
				},
				{
					"table": 8,
					"row": 1,
					"field": 17,
					"type": 0,
					"value": 5
				},
				{
					"table": 8,
					"row": 1,
					"field": 18,
					"type": 0,
					"value": 4
				},
				{
					"table": 8,
					"row": 1,
					"field": 19,
					"type": 0,
					"value": 5
				},
				{
					"table": 8,
					"row": 1,
					"field": 20,
					"type": 0,
					"value": 5
				},
				{
					"table": 8,
					"row": 1,
					"field": 21,
					"type": 0,
					"value": 5
				},
				{
					"table": 8,
					"row": 1,
					"field": 22,
					"type": 0,
					"value": 5
				},
				{
					"table": 8,
					"row": 1,
					"field": 23,
					"type": 0,
					"value": 5
				},
				{
					"table": 8,
					"row": 1,
					"field": 24,
					"type": 0,
					"value": 5
				},
				{
					"table": 17,
					"row": 1,
					"field": 18,
					"type": 0,
					"value": 6
				},
				{
					"table": 17,
					"row": 1,
					"field": 56,
					"type": 0,
					"value": 6
				},
				{
					"table": 18,
					"row": 1,
					"field": 21,
					"type": 0,
					"value": 16
				},
				{
					"table": 18,
					"row": 1,
					"field": 22,
					"type": 0,
					"value": 2097216
				},
				{
					"table": 19,
					"row": 1,
					"field": 5,
					"type": 1,
					"value": "192.168.144.138"
				},
				{
					"table": 19,
					"row": 1,
					"field": 6,
					"type": 0,
					"value": 8789
				},
				{
					"table": 23,
					"row": 1,
					"field": 1,
					"type": 0,
					"value": 1
				},
				{
					"table": 23,
					"row": 1,
					"field": 5,
					"type": 0,
					"value": 1
				},
				{
					"table": 1,
					"row": 1,
					"field": 28,
					"type": 0,
					"value": 1
				},
				{
					"table": 19,
					"row": 1,
					"field": 1,
					"type": 1,
					"value": "k-server.1-ofd-test.ru"
				},
				{
					"table": 19,
					"row": 1,
					"field": 2,
					"type": 0,
					"value": 7777
				},
				{
					"table": 18,
					"row": 1,
					"field": 10,
					"type": 1,
					"value": "Первый ОФД (АО 'ЭСК')"
				},
				{
					"table": 18,
					"row": 1,
					"field": 11,
					"type": 1,
					"value": "1-ofd.ru"
				},
				{
					"table": 18,
					"row": 1,
					"field": 12,
					"type": 1,
					"value": "7709364346"
				}
			]
		}
	]
}