{
	"Params": {
		"SaveTables": true,
		"PrintStatus": false,
		"DocSentTimeoutInSec": 5,
		"RestoreCashRegister": true,
		"ArchiveURL": ""
	},
	"actions": [
		{
			"action": 1,
			"file": "sm_ldr_155.bin",
			"bootver": 0,
			"newbootver": 155,
			"info": "Запись загрузчика 155"
		},
		{
			"action": 1,
			"file": "tb_ldr_1939.bin",
			"bootver": 155,
			"newbootver": 1939,
			"info": "Запись загрузчика 1939"
		},
		{
			"action": 2,
			"file": "tb_app_7196.bin",
			"savesetting": true,
			"bootver": 1939,
			"info": "Запись ПО ККТ T.3 7196",
			"fwver": "T.3",
			"fwbuild": 7196,
			"fwdate": "2025-12-17"
		},
		{
			"action": 7,
			"info": "Перефискализация ФН на ФФД 1.2",
			"TaxType": 1,
			"WorkMode": 1,
			"WorkModeEx": 16,
			"RegReasonCode": 0,
			"RegReasonCodeEx": 2097216,
			"FfdVersion": 4
		},
		{
			"action": 6,
			"info": "Запись дополнительных таблиц",
			"tables": [
				{
					"table": 8,
					"row": 1,
					"field": 1,
					"type": 0,
					"value": 5,
					"comment": "Текст в чеке"
				},
				{
					"table": 8,
					"row": 1,
					"field": 2,
					"type": 0,
					"value": 5,
					"comment": "Рекламный текст"
				},
				{
					"table": 8,
					"row": 1,
					"field": 3,
					"type": 0,
					"value": 5,
					"comment": "Заголовок чека"
				},
				{
					"table": 8,
					"row": 1,
					"field": 4,
					"type": 0,
					"value": 5,
					"comment": "1 строка в операции"
				},
				{
					"table": 8,
					"row": 1,
					"field": 5,
					"type": 0,
					"value": 5,
					"comment": "2 строка в операции"
				},
				{
					"table": 8,
					"row": 1,
					"field": 6,
					"type": 0,
					"value": 5,
					"comment": "3 строка в операции"
				},
				{
					"table": 8,
					"row": 1,
					"field": 7,
					"type": 0,
					"value": 5,
					"comment": "1 строка в скидке"
				},
				{
					"table": 8,
					"row": 1,
					"field": 8,
					"type": 0,
					"value": 5,
					"comment": "2 строка в скидке"
				},
				{
					"table": 8,
					"row": 1,
					"field": 9,
					"type": 0,
					"value": 5,
					"comment": "1 строка в надбавке"
				},
				{
					"table": 8,
					"row": 1,
					"field": 10,
					"type": 0,
					"value": 5,
					"comment": "2 строка в надбавке"
				},
				{
					"table": 8,
					"row": 1,
					"field": 11,
					"type": 0,
					"value": 5,
					"comment": "1 строка в сторно скидки"
				},
				{
					"table": 8,
					"row": 1,
					"field": 12,
					"type": 0,
					"value": 5,
					"comment": "2 строка в сторно скидки"
				},
				{
					"table": 8,
					"row": 1,
					"field": 13,
					"type": 0,
					"value": 5,
					"comment": "1 строка в сторно надбавки"
				},
				{
					"table": 8,
					"row": 1,
					"field": 14,
					"type": 0,
					"value": 5,
					"comment": "2 строка в сторно надбавки"
				},
				{
					"table": 8,
					"row": 1,
					"field": 15,
					"type": 0,
					"value": 5,
					"comment": "Строка в закрытии чека"
				},
				{
					"table": 8,
					"row": 1,
					"field": 16,
					"type": 0,
					"value": 5,
					"comment": "Скидка в закрытии чека"
				},
				{
					"table": 8,
					"row": 1,
					"field": 17,
					"type": 0,
					"value": 5,
					"comment": "Всего в закрытии чека"
				},
				{
					"table": 8,
					"row": 1,
					"field": 18,
					"type": 0,
					"value": 4,
					"comment": "Итог чека"
				},
				{
					"table": 8,
					"row": 1,
					"field": 19,
					"type": 0,
					"value": 5,
					"comment": "Текст в типе оплаты"
				},
				{
					"table": 8,
					"row": 1,
					"field": 20,
					"type": 0,
					"value": 5,
					"comment": "Текст в сдаче"
				},
				{
					"table": 8,
					"row": 1,
					"field": 21,
					"type": 0,
					"value": 5,
					"comment": "Оборот по налогам"
				},
				{
					"table": 8,
					"row": 1,
					"field": 22,
					"type": 0,
					"value": 5,
					"comment": "Налоги"
				},
				{
					"table": 8,
					"row": 1,
					"field": 23,
					"type": 0,
					"value": 5,
					"comment": "Шрифт по умолчанию"
				},
				{
					"table": 8,
					"row": 1,
					"field": 24,
					"type": 0,
					"value": 5,
					"comment": "Шрифт табличной формы"
				},
				{
					"table": 17,
					"row": 1,
					"field": 18,
					"type": 0,
					"value": 6,
					"comment": "Rus компактный заголовок"
				},
				{
					"table": 17,
					"row": 1,
					"field": 56,
					"type": 0,
					"value": 6,
					"comment": "Rus шаблон окончания чека"
				},
				{
					"table": 18,
					"row": 1,
					"field": 10,
					"type": 1,
					"value": "Билайн ОФД",
					"comment": "Имя ОФД"
				},
				{
					"table": 18,
					"row": 1,
					"field": 11,
					"type": 1,
					"value": "ofd.beeline.ru",
					"comment": "URL ОФД"
				},
				{
					"table": 18,
					"row": 1,
					"field": 12,
					"type": 1,
					"value": "7713076301",
					"comment": "ИНН ОФД"
				},
				{
					"table": 18,
					"row": 1,
					"field": 13,
					"type": 1,
					"value": "www.nalog.gov.ru",
					"comment": "URL налогового органа"
				},
				{
					"table": 18,
					"row": 1,
					"field": 15,
					"type": 1,
					"value": "receipt@beeline.ru",
					"comment": "Эл. адр. отправителя"
				},
				{
					"table": 18,
					"row": 1,
					"field": 21,
					"type": 0,
					"value": 16,
					"comment": "Расширенные признаки работы ккт"
				},
				{
					"table": 18,
					"row": 1,
					"field": 22,
					"type": 0,
					"value": 64,
					"comment": "Код причины изм. сведений о ккт"
				},
				{
					"table": 19,
					"row": 1,
					"field": 1,
					"type": 1,
					"value": "10.29.0.64",
					"comment": "Сервер ОФД"
				},
				{
					"table": 19,
					"row": 1,
					"field": 2,
					"type": 0,
					"value": 7174,
					"comment": "Порт сервера ОФД"
				},
				{
					"table": 19,
					"row": 1,
					"field": 3,
					"type": 0,
					"value": 10000,
					"comment": "Таймаут чтения ответа, мс"
				},
				{
					"table": 19,
					"row": 1,
					"field": 5,
					"type": 1,
					"value": "10.29.0.64",
					"comment": "Сервер КМ"
				},
				{
					"table": 19,
					"row": 1,
					"field": 6,
					"type": 0,
					"value": 7001,
					"comment": "Порт сервера КМ"
				},
				{
					"table": 23,
					"row": 1,
					"field": 1,
					"type": 0,
					"value": 1,
					"comment": "Работать с сервером скок"
				},
				{
					"table": 23,
					"row": 1,
					"field": 5,
					"type": 0,
					"value": 1,
					"comment": "Разрешить автообновление"
				}
			]
		},
		{
			"action": 3,
			"info": "Запись лицензии",
			"file": "Beeline.slf"
		}
	]
}